1,Lani,1,Rollins,blandit@quam.com,1-633-389-7173
2,McKenzie,2,Burris,mauris.Morbi.non@nequeNullam.com,1-906-235-0832
3,Amethyst,3,Morgan,dui@magnis.ca,1-548-366-6273
4,Lamar,4,Hardin,pharetra.felis.eget@mattisInteger.com,1-519-693-8091
5,Keegan,5,Coleman,leo.Cras.vehicula@musProinvel.edu,1-998-626-8896
6,Marshall,6,Griffith,egestas.Aliquam@Proinvelnisl.edu,1-554-353-5053
7,Jonah,7,Deleon,Donec.tincidunt.Donec@dolor.org,1-782-671-2356
8,Jackson,8,Howell,eleifend@Nuncullamcorpervelit.ca,1-323-738-0807
9,Kieran,9,Edwards,a.enim@perinceptoshymenaeos.com,1-695-830-5757
10,Fiona,10,Howard,ut.quam@loremfringillaornare.org,1-494-585-2386
11,Jorden,11,Ruiz,iaculis.lacus.pede@temporerat.com,1-314-890-5249
12,Kendall,12,Burt,eu.eros@eutellus.org,1-141-379-8276
13,Blossom,13,Cantrell,Suspendisse.aliquet@estarcu.ca,1-369-893-7454
14,Latifah,14,Barron,est@mauris.edu,1-321-158-7603
15,Brenna,15,Horton,morbi@AliquamnislNulla.edu,1-564-409-7698
16,Ray,16,Alexander,ac@Duis.edu,1-400-270-5855
17,Tyler,17,Daniels,ac@morbitristiquesenectus.com,1-192-852-6320
18,Hanae,18,Kelly,Mauris.magna@loremfringillaornare.org,1-136-621-1133
19,Barrett,19,Chan,sed@mollis.org,1-268-800-8354
20,Wylie,20,Holden,et@nibhsit.com,1-174-288-4996
21,Hedda,21,Downs,pede.Nunc.sed@Sedauctor.ca,1-349-185-4895
22,Hope,22,Hooper,viverra@tristiquealiquet.edu,1-669-268-8015
23,Avram,23,Lloyd,Lorem@blanditatnisi.ca,1-834-324-8689
24,Emerald,24,Graham,placerat.velit.Quisque@euismodurnaNullam.com,1-191-903-4185
25,Bert,25,Mullen,mauris@velarcu.org,1-869-728-6513
26,Xerxes,26,Cohen,quam.vel.sapien@orci.com,1-268-787-2932
27,Xaviera,27,Simpson,Fusce.mi.lorem@ligulaAliquam.com,1-463-925-2269
28,Joy,28,Wooten,mi.Aliquam@pede.ca,1-814-208-3061
29,Kane,29,Good,euismod.in@vitaepurusgravida.com,1-648-965-8144
30,Blossom,30,Odom,commodo.at.libero@consectetueripsum.com,1-792-199-1426
31,Ivy,31,Wise,egestas.lacinia.Sed@consequatnec.org,1-680-405-9126
32,Allegra,32,Rosales,elit.pellentesque@Nullamenim.org,1-545-798-3482
33,Candice,33,Kent,neque.Morbi@risus.ca,1-533-455-0536
34,Yen,34,Ryan,Cras@Nuncullamcorper.edu,1-161-509-6241
35,Vivian,35,Larson,orci.Ut@et.edu,1-445-598-1973
36,Lawrence,36,Beach,risus@rhoncus.ca,1-678-303-4989
37,Marvin,37,Stuart,amet.ultricies.sem@vitae.edu,1-721-818-2782
38,Kimberley,38,Alvarado,sed.dui.Fusce@Morbiquis.com,1-877-365-2340
39,Yardley,39,Pruitt,eu@nullaante.com,1-471-640-8907
40,James,40,Oneill,pede.Cras@eleifendnec.org,1-881-215-2135
41,Florence,41,Ruiz,lorem@aliquet.ca,1-729-520-3677
42,Jerry,42,Ellison,sit.amet.consectetuer@elit.edu,1-396-500-9380
43,Aphrodite,43,Whitfield,enim.Curabitur.massa@elementumategestas.ca,1-328-695-3383
44,Hayes,44,Weber,ac@tincidunt.edu,1-711-759-7595
45,Justine,45,Mosley,nec.ligula@Pellentesquehabitantmorbi.edu,1-577-815-1542
46,Alfreda,46,Peck,eu.elit@rutrumeu.com,1-103-863-3199
47,Jessamine,47,Swanson,placerat.orci.lacus@malesuadaInteger.com,1-279-324-6219
48,Jemima,48,Mack,Duis.volutpat@Cumsociis.com,1-415-725-7745
49,Isabella,49,Santiago,erat@Duisami.ca,1-302-923-9793
50,Maia,50,Mathews,vulputate.risus.a@scelerisquemollisPhasellus.com,1-730-514-0531
51,Hiram,51,Freeman,ipsum.Phasellus.vitae@ullamcorpereu.com,1-628-507-8637
52,Kameko,52,Garrison,Morbi.neque.tellus@molestie.edu,1-625-688-7216
53,Ivy,53,Robinson,Phasellus.nulla@malesuadavel.org,1-884-748-4013
54,Zachery,54,Diaz,adipiscing.elit@nullavulputatedui.org,1-463-284-8324
55,Charissa,55,Mitchell,pede@utsem.com,1-261-763-9654
56,Montana,56,Hardy,vel@pellentesquetellussem.org,1-960-893-2196
57,Alexander,57,Henson,Nullam.nisl.Maecenas@aliquamenim.org,1-319-384-6588
58,Octavia,58,Odom,per.inceptos@nonfeugiatnec.com,1-526-745-3491
59,Ruby,59,Maddox,fringilla.est@mollisduiin.com,1-167-716-6832
60,Buckminster,60,Woodward,Curabitur.ut@metusAliquam.edu,1-325-675-7514
61,Troy,61,Vinson,eu@netus.ca,1-796-489-6093
62,Ivan,62,Hernandez,dui@Craseutellus.edu,1-316-167-5567
63,Riley,63,Nguyen,mollis.dui@sapiencursus.com,1-843-542-8970
64,Hermione,64,Hahn,Aenean.egestas@nonantebibendum.edu,1-728-385-0615
65,Jerry,65,Mcintosh,accumsan@dolortempus.com,1-905-802-7462
66,Tamekah,66,Fox,amet.consectetuer.adipiscing@vitae.ca,1-403-475-9211
67,Benedict,67,Lloyd,Vivamus.euismod.urna@nibhPhasellus.ca,1-381-127-3111
68,Chaim,68,Cherry,Etiam@Maecenasiaculis.com,1-808-829-9357
69,Paloma,69,Avila,dis.parturient@molestie.ca,1-486-797-8181
70,Cheryl,70,Hayes,et.ipsum@id.com,1-294-239-8095
71,Nash,71,Flynn,lorem@facilisisSuspendisse.edu,1-488-207-3219
72,Rebecca,72,Harris,Curae;.Phasellus@urnanec.org,1-676-586-0591
73,Althea,73,Mcintyre,sem.vitae.aliquam@temporeratneque.ca,1-286-518-4810
74,Brock,74,Paul,mattis.Integer@aliquetdiam.com,1-820-970-9769
75,Vanna,75,Maddox,nunc.id.enim@eunequepellentesque.org,1-373-765-8833
76,Maia,76,Morrison,egestas.Fusce.aliquet@quispede.edu,1-461-447-3331
77,Evan,77,Barnes,erat.in.consectetuer@Donec.com,1-138-812-2889
78,Sylvia,78,Gomez,vehicula.risus.Nulla@velfaucibusid.edu,1-209-542-6835
79,Noble,79,Mills,Quisque@NullamenimSed.ca,1-571-859-7437
80,Jaime,80,Bell,mus.Aenean@Curabitur.org,1-699-372-8480
81,Jarrod,81,Lopez,egestas.ligula@egestas.org,1-884-627-3686
82,George,82,Ball,a@etnetuset.ca,1-181-829-8754
83,Bevis,83,Mckenzie,justo.sit.amet@parturientmontes.edu,1-178-547-1872
84,Quintessa,84,Howell,eu.dui@ipsumleo.ca,1-347-212-6283
85,September,85,Fulton,sem.ut.dolor@leoin.ca,1-805-182-3676
86,Edan,86,Clements,erat.semper.rutrum@pedenonummy.ca,1-730-358-6414
87,Francis,87,Medina,Nam@neccursus.org,1-508-865-4972
88,Yetta,88,Faulkner,egestas.lacinia@semPellentesqueut.ca,1-336-978-3144
89,Davis,89,Vega,commodo.tincidunt@dolortempus.ca,1-323-721-0245
90,Wing,90,Hatfield,tincidunt.congue@turpisIncondimentum.com,1-651-165-4851
91,Quon,91,Wilcox,dictum.ultricies.ligula@quam.ca,1-920-144-5488
92,Carson,92,Lynch,Cum.sociis@magna.org,1-272-668-7475
93,Xaviera,93,Anderson,amet.metus@eu.ca,1-133-672-4970
94,Ivor,94,Weber,Nam@vulputate.com,1-852-509-0906
95,Stella,95,Armstrong,adipiscing.elit@dictum.edu,1-654-142-1913
96,Ann,96,Farrell,scelerisque@turpis.org,1-686-786-3777
97,Kennedy,97,Rich,euismod.est@iaculisodio.edu,1-553-644-9572
98,Adria,98,Santiago,nibh@nuncullamcorper.com,1-180-457-1157
99,Sarah,99,Waters,nonummy.ac.feugiat@diamSed.com,1-187-134-2333
100,Bernard,100,Price,tellus@tempordiamdictum.org,1-373-588-1689
101,Maia,101,Estrada,et.commodo@dictumeu.org,1-451-794-0013
102,Kimberly,102,Banks,cursus.non@nec.com,1-703-971-8342
103,Dane,103,Rosales,metus.Aliquam@auctor.edu,1-994-906-2567
104,Melodie,104,Whitehead,dui.Cras.pellentesque@vulputateposuerevulputate.com,1-665-590-7281
105,Bethany,105,Baird,est@lobortisauguescelerisque.org,1-801-168-8287
106,Haviva,106,Lane,ultrices.mauris@ornare.com,1-634-452-5636
107,Perry,107,Day,arcu.Morbi.sit@lacinia.com,1-233-161-7064
108,Sheila,108,Rollins,Pellentesque.tincidunt.tempus@Nullaeget.org,1-850-423-0956
109,Donovan,109,Melendez,vulputate.dui@insodaleselit.edu,1-842-548-9366
110,Leandra,110,Boone,feugiat.nec.diam@atauctorullamcorper.com,1-356-341-9774
111,Kaden,111,Matthews,ante@consectetuermauris.ca,1-906-932-5932
112,Eleanor,112,Ewing,faucibus.leo@Quisquenonummy.edu,1-853-831-2874
113,Ignatius,113,Bruce,nonummy@cursus.ca,1-951-554-7873
114,Hillary,114,Francis,vel.faucibus@arcu.edu,1-931-228-6606
115,Shana,115,Barry,Nunc.commodo.auctor@rhoncusNullamvelit.ca,1-582-360-6031
116,Nasim,116,James,orci@Curabituregestas.ca,1-677-247-8286
117,Wallace,117,Rogers,Sed@a.edu,1-550-263-3284
118,Zephr,118,Durham,et@mattisIntegereu.org,1-123-942-6496
119,Carla,119,Edwards,id.ante@sitametrisus.edu,1-165-394-8968
120,Shay,120,Lindsey,Ut.sagittis@velconvallis.ca,1-630-370-9934
121,Barbara,121,Carson,Morbi.sit@Duis.ca,1-522-329-1148
122,Leandra,122,Briggs,purus.Duis.elementum@consectetueradipiscingelit.org,1-976-869-3719
123,Amos,123,Ellis,ac@nequeInornare.edu,1-171-286-0476
124,Sylvia,124,Hernandez,bibendum.sed.est@nonluctus.edu,1-319-681-5937
125,Sandra,125,Burnett,ac@vitae.edu,1-487-424-1198
126,Kimberly,126,Espinoza,enim@Vivamuseuismod.org,1-126-610-3915
127,Yoshi,127,Good,leo.elementum@NullamnislMaecenas.ca,1-264-373-0363
128,Teagan,128,Burnett,neque.In.ornare@eget.edu,1-802-293-7973
129,Barbara,129,Kemp,malesuada.id.erat@porttitorscelerisque.com,1-917-944-3359
130,Sharon,130,Ramsey,erat.Etiam.vestibulum@commodotincidunt.edu,1-786-673-9886
131,Stuart,131,Lloyd,montes@Fuscefermentum.edu,1-565-700-7886
132,Tyler,132,Henry,Praesent.eu@tristique.ca,1-711-790-3864
133,Carter,133,Bolton,sit.amet@vitaesodales.ca,1-339-127-6111
134,Graham,134,Gonzalez,sodales.Mauris@at.com,1-854-240-5612
135,Tate,135,Noble,scelerisque.dui@ipsumdolorsit.org,1-124-745-9894
136,Zoe,136,Barr,Nullam@arcuacorci.ca,1-918-579-8663
137,Harper,137,Mitchell,orci.lobortis@Etiambibendumfermentum.com,1-410-490-8909
138,Fatima,138,Stafford,egestas.a@euplacerateget.ca,1-459-215-5529
139,Liberty,139,Taylor,aliquet.magna@Suspendisse.edu,1-671-561-4900
140,Berk,140,Sweeney,aliquam.eu.accumsan@ultricies.ca,1-555-107-0666
141,Oren,141,Zamora,Proin.ultrices@egetodio.edu,1-272-572-6814
142,Vera,142,Hewitt,ac.mattis.ornare@nibhAliquamornare.org,1-932-909-5799
143,Lucian,143,Morrison,convallis@commodotinciduntnibh.ca,1-460-952-3461
144,Heather,144,Langley,commodo.at@dolorsit.edu,1-471-951-9180
145,Quamar,145,Mckay,cursus.in.hendrerit@nullaanteiaculis.org,1-808-355-3908
146,Sandra,146,Keller,vestibulum.massa@turpisNullaaliquet.edu,1-893-701-7876
147,Ila,147,Peterson,non@eudolor.ca,1-875-375-0506
148,Lane,148,Valencia,tortor@Duisrisusodio.edu,1-503-281-8389
149,Hedwig,149,Hooper,Mauris@libero.ca,1-574-624-2842
150,Lyle,150,Calderon,tellus@hymenaeosMauris.edu,1-712-640-5847
151,Dahlia,151,Rivers,Cras.pellentesque.Sed@lectus.org,1-870-154-2255
152,Xerxes,152,Christensen,malesuada.fames.ac@sollicitudincommodoipsum.com,1-543-128-8466
153,Linda,153,Sweeney,non@idenimCurabitur.edu,1-856-172-6643
154,Piper,154,Green,semper.rutrum@velpedeblandit.com,1-991-847-5066
155,Darryl,155,Hickman,luctus.sit@Donec.edu,1-383-947-2216
156,Ella,156,Anthony,blandit.viverra@metus.ca,1-886-493-0176
157,Maggie,157,Wiggins,luctus.et.ultrices@eros.edu,1-208-439-0694
158,Dorothy,158,Wooten,diam.dictum.sapien@ametnullaDonec.ca,1-351-478-0387
159,Austin,159,Burke,vitae.purus@a.ca,1-779-739-1699
160,Quentin,160,Rowland,nisi.dictum@cursus.org,1-485-514-2255
161,Haviva,161,Sharp,velit@sempertellus.com,1-312-572-3509
162,Ashton,162,Boyd,dolor.Nulla.semper@sodaleselit.com,1-997-213-8518
163,Walter,163,Poole,auctor.ullamcorper@pharetra.org,1-547-898-7097
164,Ronan,164,Higgins,gravida.sagittis@purusac.ca,1-663-425-2128
165,Jenette,165,Elliott,mollis.Phasellus@accumsansedfacilisis.ca,1-606-405-1996
166,Aquila,166,Hammond,lacus@temporeratneque.com,1-408-720-5731
167,Rashad,167,Bradley,consectetuer@quamvelsapien.com,1-138-228-8329
168,Gail,168,Craig,lorem.sit.amet@atrisus.org,1-416-999-1603
169,Fletcher,169,Price,ullamcorper.Duis@euismodindolor.com,1-922-755-7975
170,Lance,170,Graves,non.nisi@tortorNunccommodo.org,1-656-827-1647
171,Courtney,171,Delgado,tortor.Nunc.commodo@elit.ca,1-954-741-2057
172,Branden,172,Estrada,fermentum.risus@utnisia.com,1-731-896-6183
173,Summer,173,Bates,egestas.blandit@enimCurabiturmassa.com,1-635-930-7532
174,Felicia,174,Franco,adipiscing@tristique.ca,1-866-584-8652
175,Kimberley,175,Lang,at@urna.com,1-285-839-0723
176,Joy,176,Diaz,enim@Aenean.edu,1-645-511-7768
177,Libby,177,Santos,risus@Sedegetlacus.org,1-864-836-2892
178,Elvis,178,Bartlett,Nulla.dignissim.Maecenas@faucibuslectus.ca,1-250-827-6850
179,Tanisha,179,Jenkins,accumsan@sagittis.ca,1-216-495-7256
180,Mercedes,180,Dyer,eu@idsapien.org,1-384-979-9641
181,Blake,181,Pacheco,sed@eleifendnecmalesuada.org,1-312-148-6107
182,Phillip,182,Kaufman,augue.porttitor@auctorullamcorpernisl.ca,1-708-662-8898
183,Shaeleigh,183,Romero,blandit@Curabitur.org,1-165-876-5519
184,Zelda,184,Stephens,purus@enimsit.org,1-298-178-8668
185,Callum,185,Park,mollis@Donecdignissimmagna.com,1-640-202-1903
186,Shafira,186,Moody,amet.dapibus.id@bibendumfermentummetus.com,1-842-608-5255
187,Brenda,187,Gould,magna@Nullaeuneque.org,1-268-369-6552
188,Amber,188,Harper,Cras.eu.tellus@turpis.org,1-845-470-9841
189,Haviva,189,Harper,Quisque.tincidunt.pede@justoPraesent.ca,1-728-473-6876
190,Deirdre,190,Wilkins,posuere@urnanecluctus.com,1-325-209-3431
191,Ivana,191,Stark,nunc.sed.pede@auctorvitae.edu,1-174-752-3723
192,Omar,192,Bishop,Nulla.tempor.augue@Nunc.org,1-506-840-0997
193,Dominique,193,Lynch,turpis.Nulla.aliquet@Fuscemi.ca,1-301-683-9547
194,Perry,194,Pope,molestie.tortor.nibh@tincidunt.edu,1-142-231-9667
195,Alika,195,Dorsey,risus@luctusut.edu,1-203-167-8357
196,Sloane,196,Reynolds,Ut.tincidunt@mollisPhaselluslibero.edu,1-943-900-6028
197,Abra,197,Sanders,arcu@interdumCurabiturdictum.com,1-182-827-5052
198,Blaze,198,Gould,lorem@Nullaeu.org,1-377-980-7889
199,Talon,199,Ryan,condimentum@risusNuncac.org,1-712-327-5317
200,Merritt,200,Joyce,malesuada.fringilla@elitNullafacilisi.edu,1-702-580-4785
201,Fransiskus,Teddy,ain@gmail.com,1-098-012-9131,2018-02-2T01:23:51-07:00